-- Sample DML data insertion
INSERT INTO city (name, region, country)
VALUES ('Київ', NULL, 'Україна'),
       ('Харків', 'Харківська область', 'Україна'),
       ('Одеса', 'Одеська область', 'Україна'),
       ('Запоріжжя', 'Запорізька область', 'Україна'),
       ('Дніпро', 'Дніпропетровська область', 'Україна'),
       ('Львів', 'Львівська область', 'Україна'),
       ('Вінниця', 'Вінницька область', 'Україна'),
       ('Полтава', 'Полтавська область', 'Україна');

INSERT INTO subject (name, category, description)
VALUES ('Математика', 'Точні науки', 'Алгебра, геометрія, математичний аналіз, підготовка до олімпіади'),
       ('Фізика', 'Точні науки', 'Загальна програма, підготовка до олімпіади'),
       ('Англійська мова', 'Іноземні мови', 'Граматика, лексика, розмовна практика'),
       ('Українська мова', 'Гуманітарні науки', 'Загальна програма, написання есе, підготовка до олімпіади'),
       ('Хімія', 'Природничі науки', 'Неорганічна та органічна хімія, підготовка до олімпіади'),
       ('Біологія', 'Природничі науки', 'Ботаніка, анатомія, підготовка до олімпіади'),
       ('Історія України', 'Гуманітарні науки', 'Історія з стародавніх часів до сучасності'),
       ('Географія', 'Природничі науки', 'Фізична та економічна географія'),
       ('Німецька мова', 'Іноземні мови', 'Граматика, лексика, розмовна практика');

INSERT INTO teaching_level (name, position, description)
VALUES ('1-4 класи (початкова школа)', 1, 'Базові навички та знання'),
       ('5-9 класи (середня школа)', 2, 'Поглиблене вивчення предметів'),
       ('10-11 класи (старша школа)', 3, 'Підготовка до випускних екзаменів'),
       ('Підготовка до ДПА', 4, 'Державна підсумкова атестація'),
       ('Підготовка до ЄВІ', 5, 'Єдиний вступний іспит до магістратури'),
       ('Університетський рівень', 6, 'Допомога студентам ВНЗ'),
       ('Дорослі', 7, 'Навчання для дорослих');

INSERT INTO "user" (email, password_hash, first_name, last_name, phone, user_type)
VALUES ('ivan.petrenko@gmail.com', 'qwerty123', 'Іван', 'Петренко', '+380671234567', 'tutor'),
       ('maria.kovalenko@gmail.com', 'maria2024', 'Марія', 'Коваленко', '+380672345678', 'tutor'),
       ('oleksandr.shevchenko@gmail.com', 'alex_sher', 'Олександр', 'Шевченко', '+380673456789', 'tutor'),
       ('tetiana.bondarenko@gmail.com', 'tanya456', 'Тетяна', 'Бондаренко', '+380674567890', 'tutor'),
       ('andriy.lysenko@gmail.com', 'andy2024', 'Андрій', 'Лисенко', '+380675678901', 'tutor'),

       ('anna.sidorenko@gmail.com', 'anna123', 'Анна', 'Сідоренко', '+380676789012', 'student'),
       ('maksym.tkachenko@gmail.com', 'max_tkach', 'Максим', 'Ткаченко', '+380677890123', 'student'),
       ('sofia.morozova@gmail.com', 'sofia2024', 'Софія', 'Морозова', '+380678901234', 'student'),
       ('dmytro.boyko@gmail.com', 'dima_boy', 'Дмитро', 'Бойко', '+380679012345', 'student'),
       ('oksana.savchenko@gmail.com', 'oks_sav', 'Оксана', 'Савченко', '+380670123456', 'student'),
       ('viktor.petrenko@gmail.com', 'vova_pet', 'Віктор', 'Петренко', '+380671234568', 'student'),
       ('yulia.kravchenko@gmail.com', 'yulia789', 'Юлія', 'Кравченко', '+380672345679', 'student');

INSERT INTO tutor (tutor_id, city_id, age, years_experience, education, about_me, online_available, offline_available,
                   address, average_rating, total_reviews)
VALUES (1, 1, 35, 12, 'КНУ ім. Шевченка, механіко-математичний факультет, кандидат фізико-математичних наук',
        'Досвідчений викладач математики з 12-річним стажем. Спеціалізуюся на підготовці до ДПА та олімпіад.', TRUE,
        TRUE, 'вул. Хрещатик, 25, кв. 15', 4.8, 45),
       (2, 2, 28, 6, 'ХНУ ім. Каразіна, філологічний факультет, магістр філології',
        'Викладаю англійську мову всіх рівнів. Маю сертифікати TESOL та Cambridge CELTA.', TRUE, TRUE,
        'вул. Сумська, 12, кв. 8', 4.9, 32),
       (3, 3, 42, 18, 'ОНУ ім. Мечникова, фізичний факультет, доктор фізико-математичних наук',
        'Професор фізики з великим досвідом. Готую до вступу у ВНЗ та олімпіад.', TRUE, FALSE, NULL, 4.7, 67),
       (4, 1, 31, 8, 'НПУ ім. Драгоманова, хімічний факультет, кандидат хімічних наук',
        'Спеціалізуюся на органічній та неорганічній хімії. Готую до ДПА та ЄВІ.', TRUE, TRUE,
        'вул. Володимирська, 88, кв. 22', 4.6, 28),
       (5, 4, 26, 4, 'ЗНУ, історичний факультет, магістр історії',
        'Молодий але досвідчений викладач історії України та всесвітньої історії.', TRUE, TRUE,
        'вул. Соборна, 45, кв. 12', 4.5, 18);

INSERT INTO student (student_id, city_id, age, school_grade)
VALUES (6, 1, 17, 11),
       (7, 2, 15, 7),
       (8, 3, 16, 10),
       (9, 1, 14, 8),
       (10, 5, 18, 11),
       (11, 1, 8, 2),
       (12, 2, 22, 5);

INSERT INTO tutor_subject (tutor_id, subject_id, level_id, hourly_rate)
VALUES (1, 1, 2, 350.00),
       (1, 1, 3, 450.00),
       (1, 1, 4, 550.00),

       (2, 3, 1, 300.00),
       (2, 3, 2, 400.00),
       (2, 3, 3, 500.00),
       (2, 3, 5, 600.00),

       (3, 2, 2, 400.00),
       (3, 2, 3, 500.00),
       (3, 2, 5, 650.00),
       (3, 2, 6, 700.00),

       (4, 5, 2, 380.00),
       (4, 5, 3, 480.00),
       (4, 5, 4, 520.00),
       (4, 5, 5, 580.00),

       (5, 7, 2, 320.00),
       (5, 7, 3, 420.00),
       (5, 7, 4, 470.00),
       (5, 7, 5, 520.00);

INSERT INTO schedule (tutor_id, date, start_time, end_time, is_available)
VALUES (1, '2025-11-15', '09:00:00', '10:00:00', TRUE),
       (1, '2025-11-15', '10:00:00', '11:00:00', FALSE),
       (1, '2025-11-16', '14:00:00', '15:00:00', TRUE),

       (2, '2025-11-15', '16:00:00', '17:00:00', TRUE),
       (2, '2025-11-16', '11:00:00', '12:00:00', FALSE),
       (2, '2025-11-17', '09:00:00', '10:00:00', TRUE),

       (3, '2025-11-15', '13:00:00', '14:00:00', TRUE),
       (3, '2025-11-16', '15:00:00', '16:00:00', TRUE),

       (4, '2025-11-18', '10:00:00', '11:00:00', FALSE),
       (4, '2025-11-19', '14:00:00', '15:00:00', TRUE),

       (5, '2025-11-20', '16:00:00', '17:00:00', TRUE),
       (5, '2025-11-21', '12:00:00', '13:00:00', TRUE);

INSERT INTO booking (student_id, tutor_id, subject_id, level_id, schedule_id, format, status, notes)
VALUES (6, 1, 1, 4, 3, 'online', 'completed', 'Підготовка до ДПА з математики'),
       (7, 2, 3, 2, 5, 'offline', 'completed', 'Покращення граматики'),
       (8, 4, 5, 3, 9, 'online', 'completed', 'Органічна хімія'),
       (9, 1, 1, 2, 10, 'online', 'pending', 'Алгебра 8 клас'),
       (10, 3, 2, 5, 7, 'offline', 'confirmed', 'Механіка для ЄВІ');

INSERT INTO review (booking_id, student_id, tutor_id, rating, comment, is_anonymous)
VALUES (1, 6, 1, 5, 'Відмінний репетитор! Пояснює дуже зрозуміло, допоміг підготуватися до ДПА.', FALSE),
       (2, 7, 2, 5, 'Марія дуже терпляча і професійна. Англійська стала набагато зрозумілішою.', FALSE),
       (3, 8, 4, 4, 'Хороше пояснення матеріалу, але хотілося б більше практичних завдань.', TRUE);